{
  "optimalWeight": 0.05,
  "setAMetrics": {
    "pearson": 0.4710840875739122,
    "spearman": 0.510492891203551,
    "rmse": 11.422757067537914
  },
  "setBMetrics": {
    "pearson": 0.46194634956729214,
    "spearman": 0.4819793072424652,
    "rmse": 16.78572927165754
  },
  "normalization": {
    "v2Mean": -0.11552125775248498,
    "v2Std": 3.535701994163402,
    "mftrMean": 6.849315076020621e-7,
    "mftrStd": 8.255003467590491
  }
}